{
  "baseUrl": "http://localhost:3000",
  "outDir": "pdf-exports",
  "viewport": {
    "width": 1280,
    "height": 800,
    "deviceScaleFactor": 2
  },
  "waitUntil": "networkidle",
  "waitFor": 500,
  "routes": [
    {
      "path": "/",
      "file": "home.pdf",
      "waitForSelector": "#content-ready"
    },
    {
      "path": "/slide1",
      "file": "slide1.pdf",
      "waitForSelector": "#content-ready"
    },
    {
      "path": "/slide2",
      "file": "slide2.pdf",
      "waitForSelector": "#content-ready"
    },
    {
      "path": "/slide3",
      "file": "slide3.pdf",
      "waitForSelector": "#content-ready"
    },
    {
      "path": "/slide4",
      "file": "slide4.pdf",
      "waitForSelector": "#content-ready"
    },
    {
      "path": "/slide5",
      "file": "slide5.pdf",
      "waitForSelector": "#content-ready"
    },
    {
      "path": "/slide6",
      "file": "slide6.pdf",
      "waitForSelector": "#content-ready"
    },
    {
      "path": "/slide7",
      "file": "slide7.pdf",
      "waitForSelector": "#content-ready"
    }
  ]
}